Name,Age,Heart_Rate,Consciousness,Injury_Type,Blood_Pressure,Oxygen_Level,Recovery_Time,Priority
Sarah,42.0,128.0,Unconscious,Fracture,85.0,80.0,72.0,1.0
Ali,23.0,90.0,Conscious,Minor,115.0,96.0,24.0,3.0
Leila,35.0,140.0,Conscious,Bleeding,95.0,88.0,60.0,2.0
Rami,60.0,75.0,Conscious,None,120.0,98.0,30.0,4.0
Maya,51.0,132.0,Unconscious,Fracture,88.0,82.0,70.0,1.0
Omar,28.0,118.0,Conscious,Burn,110.0,95.0,35.0,3.0
Tala,19.0,99.0,Conscious,Minor,118.0,97.0,18.0,3.0
Hadi,70.0,110.0,Conscious,Bleeding,105.0,89.0,50.0,2.0
Nour,33.0,125.0,Conscious,Fracture,100.0,92.0,48.0,2.0
Ziad,47.0,85.0,Conscious,Minor,123.0,99.0,28.0,3.0
Khaled,55.0,145.0,Unconscious,Bleeding,80.0,78.0,84.0,1.0
Dina,30.0,105.0,Conscious,None,116.0,97.0,22.0,3.0
Fadi,40.0,150.0,Unconscious,Fracture,82.0,83.0,90.0,1.0
Rita,22.0,92.0,Conscious,Minor,119.0,100.0,20.0,3.0
Samer,29.0,110.0,Conscious,Burn,112.0,95.0,46.0,3.0
Jana,31.0,60.0,Conscious,None,121.0,98.0,12.0,4.0
Lara,27.0,130.0,Conscious,Bleeding,84.0,86.0,62.0,2.0
Yara,50.0,100.0,Conscious,Minor,118.0,94.0,26.0,3.0
Hassan,65.0,155.0,Unconscious,Bleeding,78.0,80.0,96.0,1.0
Jad,34.0,108.0,Conscious,Minor,117.0,96.0,33.0,3.0
Rawan,45.0,130.0,Unconscious,Fracture,90.0,82.0,74.0,1.0
Walid,52.0,99.0,Conscious,None,122.0,97.0,21.0,3.0
Farah,26.0,101.0,Conscious,Burn,118.0,95.0,29.0,3.0
Amin,38.0,88.0,Unconscious,Bleeding,87.0,79.0,78.0,1.0
Mira,24.0,95.0,Conscious,Minor,120.0,100.0,19.0,3.0
Toni,48.0,160.0,Unconscious,Fracture,74.0,75.0,120.0,1.0
Aya,20.0,102.0,Conscious,Minor,115.0,95.0,25.0,3.0
Bassam,33.0,140.0,Conscious,Bleeding,92.0,90.0,55.0,2.0
Nada,44.0,76.0,Conscious,None,124.0,98.0,23.0,4.0
Ralph,36.0,118.0,Conscious,Burn,113.0,96.0,41.0,3.0
Siba,57.0,104.0,Conscious,Minor,119.0,97.0,27.0,3.0
Ahmad,62.0,100.0,Unconscious,Fracture,89.0,81.0,85.0,1.0
Hiba,30.0,105.0,Conscious,Burn,120.0,96.0,38.0,3.0
Marwan,41.0,122.0,Conscious,Bleeding,86.0,89.0,58.0,2.0
Lina,25.0,94.0,Conscious,Minor,118.0,99.0,18.0,3.0
Karim,54.0,138.0,Conscious,Fracture,93.0,88.0,64.0,2.0
Dana,32.0,85.0,Conscious,None,121.0,100.0,20.0,4.0
Imad,46.0,127.0,Conscious,Bleeding,95.0,90.0,52.0,2.0
Zein,21.0,113.0,Conscious,Burn,117.0,98.0,30.0,3.0
Salma,39.0,142.0,Unconscious,Fracture,81.0,80.0,76.0,1.0
Mahmoud,60.0,100.0,Unconscious,Bleeding,77.0,82.0,88.0,1.0
Rola,28.0,91.0,Conscious,Minor,122.0,100.0,21.0,3.0
Adnan,52.0,150.0,Unconscious,Fracture,84.0,84.0,93.0,1.0
Elissa,34.0,104.0,Conscious,Burn,118.0,97.0,32.0,3.0
Sami,26.0,108.0,Conscious,Minor,120.0,98.0,27.0,3.0
Youssef,59.0,99.0,Conscious,None,123.0,96.0,24.0,3.0
George,45.0,131.0,Conscious,Bleeding,90.0,87.0,59.0,2.0
Marc,30.0,139.0,Conscious,Burn,112.0,94.0,53.0,2.0
Jihad,42.0,145.0,Unconscious,Fracture,79.0,82.0,89.0,1.0
Nadine,25.0,86.0,Conscious,Minor,120.0,100.0,19.0,3.0
Tarek,68.0,152.0,Unconscious,Bleeding,76.0,78.0,100.0,1.0
Nabil,37.0,97.0,Conscious,None,121.0,99.0,22.0,3.0
Carla,29.0,110.0,Conscious,Burn,116.0,95.0,36.0,3.0
Jamil,49.0,134.0,Conscious,Fracture,92.0,89.0,63.0,2.0
Sophie,33.0,120.0,Conscious,Minor,120.0,98.0,28.0,3.0
Hussein,40.0,150.0,Unconscious,Bleeding,85.0,83.0,95.0,1.0
Layal,24.0,94.0,Conscious,Minor,119.0,100.0,17.0,3.0
Issam,56.0,112.0,Conscious,Burn,115.0,96.0,39.0,3.0
Batoul,27.0,126.0,Conscious,Bleeding,91.0,90.0,47.0,2.0
Nizar,62.0,159.0,Unconscious,Fracture,72.0,76.0,120.0,1.0
Joumana,38.0,92.0,Conscious,None,124.0,99.0,22.0,3.0
Alaa,35.0,105.0,Conscious,Burn,113.0,97.0,37.0,3.0
Selim,43.0,101.0,Conscious,Minor,122.0,99.0,23.0,3.0
May,20.0,100.0,Conscious,Minor,121.0,95.0,20.0,3.0
Ola,31.0,114.0,Conscious,Bleeding,95.0,86.0,49.0,2.0
Wassim,48.0,118.0,Conscious,Burn,111.0,93.0,45.0,3.0
Ghassan,55.0,144.0,Unconscious,Fracture,80.0,81.0,90.0,1.0
Perla,29.0,96.0,Conscious,Minor,118.0,100.0,18.0,3.0
Rayan,23.0,103.0,Conscious,Burn,119.0,98.0,26.0,3.0
Mohamad,61.0,151.0,Unconscious,Bleeding,79.0,77.0,104.0,1.0
Hind,28.0,89.0,Conscious,Minor,120.0,100.0,18.0,3.0
Saad,50.0,126.0,Conscious,Fracture,94.0,88.0,65.0,2.0
Julia,27.0,108.0,Conscious,Burn,116.0,95.0,33.0,3.0
Hamza,36.0,140.0,Conscious,Bleeding,92.0,87.0,54.0,2.0
Christina,41.0,119.0,Conscious,Minor,123.0,98.0,29.0,3.0
Refaat,65.0,160.0,Unconscious,Fracture,75.0,75.0,130.0,1.0
Mariam,33.0,98.0,Conscious,None,122.0,99.0,20.0,3.0
Talal,20.0,84.0,Conscious,Minor,120.0,100.0,16.0,3.0
Sarah2,42.0,128.0,Unconscious,Fracture,85.0,80.0,72.0,1.0
Ali2,23.0,90.0,Conscious,Minor,115.0,96.0,24.0,3.0
Lina2,35.0,140.0,Conscious,Bleeding,95.0,88.0,60.0,2.0
Rami2,60.0,75.0,Conscious,None,120.0,98.0,30.0,4.0
Maya2,51.0,132.0,Unconscious,Fracture,88.0,82.0,70.0,1.0
Omar2,28.0,118.0,Conscious,Burn,110.0,95.0,35.0,3.0
Jana2,19.0,99.0,Conscious,Minor,118.0,97.0,18.0,3.0
Nada2,70.0,100.0,Conscious,Bleeding,120.0,95.0,155.89,2.0
Unknown,0.0,100.0,Conscious,None,120.0,95.0,105.44,3.0
Zeinab,47.0,100.0,Conscious,Minor,120.0,100.0,25.0,3.0
Yousef,38.0,109.0,Conscious,Bleeding,99.0,93.0,40.0,2.0
Amal,44.0,118.0,Conscious,Fracture,93.0,89.0,60.0,2.0
Ahmad2,50.0,131.0,Unconscious,Fracture,85.0,80.0,90.0,1.0
Maher,33.0,102.0,Conscious,Minor,120.0,99.0,28.0,3.0
Rita2,25.0,89.0,Conscious,Burn,119.0,98.0,19.0,4.0
Sabah,58.0,141.0,Unconscious,Bleeding,78.0,82.0,92.0,1.0
Latifa,29.0,98.0,Conscious,None,122.0,100.0,21.0,3.0
Hana,37.0,112.0,Conscious,Burn,114.0,96.0,38.0,3.0
Kareem,40.0,126.0,Conscious,Fracture,91.0,90.0,64.0,2.0
Jiji,42.0,73.0,Conscious,None,85.0,99.0,43.86,4.0
Roger24,24.0,67.0,Conscious,Bleeding,98.0,94.0,24.99,2.0
Jsns,23.0,88.0,Unconscious,Bleeding,99.0,99.0,26.47,1.0
Hhhh,33.0,78.0,Unconscious,Minor,67.0,99.0,49.08,1.0
Hasssssannn,88.0,99.0,Unconscious,Minor,120.0,99.0,132.97,1.0
Fdsfsd,44.0,100.0,Conscious,None,55.0,90.0,272.79,1.0
Gioo,23.0,87.0,Conscious,None,102.0,98.0,25.12,4.0
Aliko,22.0,72.0,Conscious,Fracture,98.0,99.0,21.74,2.0
Loulou,41.0,88.0,Unconscious,Minor,99.0,99.0,39.44,1.0
Sdfs,54.0,77.0,Unconscious,Burn,88.0,99.0,51.94,1.0
Srouralisrour,32.0,79.0,Conscious,None,104.0,98.0,28.17,4.0
Unknown,0.0,100,Unconscious,None,120,95,141.77,1.0
